ID_ESTADO,PARTIDO_CI,CANDIDATO
05,PAN,JosÃ© Guillermo Anaya Llamas
05,PRI,Miguel Riquelme SolÃ­s
05,PRD,Mary Telma Guajardo Villarreal
05,PT,JosÃ© Angel PÃ©rez HernÃ¡ndez
05,PVEM,Miguel Riquelme SolÃ­s
05,UDC,JosÃ© Guillermo Anaya Llamas
05,PNA,Miguel Riquelme SolÃ­s
05,SDI,Miguel Riquelme SolÃ­s
05,PPC,JosÃ© Guillermo Anaya Llamas
05,PJ,Miguel Riquelme SolÃ­s
05,PRC,Miguel Riquelme SolÃ­s
05,PCP,Miguel Riquelme SolÃ­s
05,MORENA,Armando Guadiana Tijerina
05,ES,JosÃ© Guillermo Anaya Llamas
05,CI1,Javier Guerrero GarcÃ­a
05,CI2,Luis Horacio Salinas Valdez