ID_ESTADO,PARTIDO_CI,CANDIDATO
5,1,PAN,Emilio Alejandro De Hoyos Montemayor
5,1,PRI,Georgina Cano Torralva
5,1,PRD,José María Velázquez Ruiz
5,1,PT,Violeta Josefina Pinales Sánchez
5,1,PVEM,Elvia Karina Jasso Guzmán
5,1,UDC,Emilio Alejandro De Hoyos Montemayor
5,1,PMC,Rafael Domínguez Rodríguez
5,1,PNA,Juan Ramón Cadena Cantú
5,1,SDI,José Alvarado Becerra
5,1,PPC,Emilio Alejandro De Hoyos Montemayor
5,1,PJ,Herbey Faz Ríos
5,1,PRC,Sandra Nidia Garza Villareal
5,1,MORENA,José Antonio Ramírez Rodríguez
5,1,ES,Emilio Alejandro De Hoyos Montemayor
5,2,PAN,Claudia Andrade Elizalde
5,2,PRI,María Esperanza Chapa García
5,2,PRD,Gilberto Múzquiz Salinas
5,2,PT,Wendoli Penélope Olvera García
5,2,PVEM,Rosa Alejandra González Rentería
5,2,UDC,Claudia Andrade Elizalde
5,2,PMC,Adolfo Enciso Medrano
5,2,PNA,Diego Alberto Múzquiz Loo
5,2,SDI,Juan Antonio Múzquiz Ibarra
5,2,PPC,Claudia Andrade Elizalde
5,2,PJ,Cinthia Verónica Diego Talamantes
5,2,PRC,Javier García Hernández
5,2,MORENA,Adelaida Hernández Sotelo
5,2,ES,Claudia Andrade Elizalde
5,3,PAN,Zulmma Verenice Guerrero Cazares
5,3,PRI,Teresa Guajardo Berlanga
5,3,PRD,Aracely Muñoz González
5,3,PT,Ricardo Rubén Meléndez Peña
5,3,PVEM,Karla Vanessa Alvares Ramón
5,3,UDC,Zulmma Verenice Guerrero Cazares
5,3,PMC,Claudia Patricia González Vásquez
5,3,PNA,Martha Maribel Olveda Costilla
5,3,SDI,Martha Guardiola Ponce
5,3,PPC,Zulmma Verenice Guerrero Cazares
5,3,PJ,Evelyn Rodríguez Cruz
5,3,MORENA,Cipriano Antonio Portales Bermudes
5,3,ES,Zulmma Verenice Guerrero Cazares
5,3,CI1,Ángel Ulises López Baltazar
5,4,PAN,Edgar Gerardo Sánchez Garza
5,4,PRI,José Luis Flores Méndez
5,4,PRD,Jonatan López Gutiérrez
5,4,PT,Rafael Torres García
5,4,PVEM,Gabriel Morales Torres
5,4,UDC,Edgar Gerardo Sánchez Garza
5,4,PMC,Mireya Guadalupe Hernández González
5,4,PNA,Irma Belén González Mata
5,4,SDI,José Luis De Los Santos Alvarado
5,4,PPC,Edgar Gerardo Sánchez Garza
5,4,PJ,José Francisco Rodríguez Herrera
5,4,PRC,Ninfa Zamarripa Sánchez
5,4,MORENA,Roció Edith Barboza Mayorga
5,4,ES,Edgar Gerardo Sánchez Garza
5,5,PAN,Rosa Nilda González Noriega
5,5,PRI,José Alberto Medina Martínez (Beto Medina)
5,5,PRD,Angélica Morales Palomo
5,5,PT,Luis Lauro García Gazca
5,5,PVEM,Raúl Arturo Arellano Huitrón
5,5,UDC,Rosa Nilda González Noriega
5,5,PMC,Dora Yajaira Duran Gómez
5,5,PNA,Martín Modesto Monrreal Cigarroa
5,5,SDI,Juan Antonio Valdez Pérez
5,5,PPC,Rosa Nilda González Noriega
5,5,PJ,Dolores Alicia Maldonado Leza
5,5,PRC,Francisco Javier Mena Mena
5,5,MORENA,Marco Antonio Rodríguez Galaz
5,5,ES,Rosa Nilda González Noriega
5,6,PAN,Carlos Amador Moreno Liñán
5,6,PRI,Josefina Garza Barrera
5,6,PRD,Juan Antonio Garza García
5,6,PT,Perla Guadalupe Berlanga Cardoza
5,6,PVEM,Claudia Isela Marines Hernández
5,6,UDC,Carlos Amador Moreno Liñán
5,6,PMC,Mauricio Lumbreras Lozano
5,6,PNA,Julia Rosa Ibarra Garza
5,6,SDI,Débora Neftalí Enríquez Hinojosa
5,6,PPC,Carlos Amador Moreno Liñán
5,6,PJ,Fernando Enrique Martínez De La Fuente
5,6,MORENA,Roberto Antonio Elizondo Delgado
5,6,ES,Carlos Amador Moreno Liñán
5,7,PAN,José Alfredo Vázquez Rocha
5,7,PRI,Graciela Fernández Almaraz
5,7,PRD,Margarita Aguilar Del Rio
5,7,PT,Manuel Saucedo Sánchez
5,7,PVEM,Jesús Arnoldo Escobedo Soto
5,7,UDC,José Alfredo Vázquez Rocha
5,7,PMC,Laura Deyanira Favela González
5,7,PNA,Isela Licerio Luévano
5,7,SDI,Sergio Ayup Silveti
5,7,PPC,José Alfredo Vázquez Rocha
5,7,PJ,Judith Lialiana Crispín Rivera
5,7,PRC,Abundio Ramírez Vázquez
5,7,PCP,Karla Elizabeth Carlos Silva
5,7,MORENA,Irma Concepción García Moreno
5,7,ES,José Alfredo Vázquez Rocha
5,8,PAN,Marcelo De Jesús Torres Cofiño
5,8,PRI,María De Lourdes Quintero Pámanes
5,8,PRD,Gerardo Alberto Centeno Alvarado
5,8,PT,María Del Refugio Guajardo Mendoza
5,8,PVEM,Fernando Macías Anaya
5,8,UDC,Marcelo De Jesús Torres Cofiño
5,8,PMC,María Del Carmen Álamos Camacho
5,8,PNA,Javier García De León
5,8,SDI,María Guadalupe Verónica Soto Díaz
5,8,PPC,Marcelo De Jesús Torres Cofiño
5,8,PJ,Vicente Revuelta Ortueta
5,8,PRC,Luis Enrique Martín Del Campo Valencia
5,8,PCP,Ma. Yesenia Vega Perea
5,8,MORENA,Vanessa Castaños Barraza
5,8,ES,Marcelo De Jesús Torres Cofiño
5,9,PAN,Fernando Izaguirre Valdés
5,9,PRI,Mario Cepeda Villarreal
5,9,PRD,Gloria Lizeht Saldívar Ruiz
5,9,PT,Jaime Antonio Gutiérrez De Simone
5,9,PVEM,Sydney De Alba De La Torre
5,9,UDC,Fernando Izaguirre Valdés
5,9,PMC,Antonieta Mayela González Cardiel
5,9,PNA,Leticia Guadalupe Georgina Romero Elizalde
5,9,SDI,Federico Sáenz Negrete
5,9,PPC,Fernando Izaguirre Valdés
5,9,PJ,Silvana Reyes Flores
5,9,PRC,Gerardo Enrique Calvillo Hernández
5,9,PCP,David Cortes Maldonado
5,9,MORENA,María Luisa Solís Silva
5,9,ES,Fernando Izaguirre Valdés
5,10,PAN,Blanca Eppen Canales
5,10,PRI,Román Alberto Cepeda González
5,10,PRD,Bernardo Hernández Muñoz
5,10,PT,María De Los Ángeles Zorrilla Zorrilla
5,10,PVEM,Oscar Mauricio Treviño Valdez
5,10,UDC,Blanca Eppen Canales
5,10,PMC,Joel Rodríguez Martínez
5,10,PNA,Rebeca Josefina Buentello Sandoval
5,10,SDI,Joel Pérez Sandoval
5,10,PPC,Blanca Eppen Canales
5,10,PRC,Alma Rosa Palacios Saucedo
5,10,MORENA,Ma. Del Rosario Pérez Dena
5,10,ES,Blanca Eppen Canales
5,11,PAN,María Eugenia Cazares Martínez
5,11,PRI,Rodrigo Fuentes Ávila
5,11,PRD,Paloma Guadalupe Saldaña García
5,11,PT,Mónica Laura De Lachica García
5,11,PVEM,Fernando Ariel Martínez Mendoza
5,11,UDC,María Eugenia Cazares Martínez
5,11,PMC,Rafael Saavedra Urbina
5,11,PNA,Efren Atillano Reyes Rodríguez
5,11,SDI,Martha Beatriz Miranda Corbala
5,11,PPC,María Eugenia Cazares Martínez
5,11,PJ,Ezequiel López Murillo
5,11,PRC,Martha Leticia Luna López
5,11,PCP,Jessica Lyssette Vega Escobedo
5,11,MORENA,Tonatiuh Morales Ávila
5,11,ES,María Eugenia Cazares Martínez
5,12,PAN,Ariana Yolanda Cepeda De La Mora
5,12,PRI,Lilia Isabel Gutiérrez Burciaga
5,12,PRD,Verónica Elizabeth Saldívar Saldívar
5,12,PT,José Reyes Martínez Martínez
5,12,PVEM,Martha Charlotte González Muller
5,12,UDC,Ariana Yolanda Cepeda De La Mora
5,12,PMC,Ángel Fausto Chaires
5,12,PNA,Ma. Guadalupe López Villarreal
5,12,SDI,Enrique Herrera Castro
5,12,PPC,Ariana Yolanda Cepeda De La Mora
5,12,PJ,José Luis Oyarzabal Garza
5,12,PRC,Jorge De Jesús Robledo Medellín
5,12,PCP,José Luis López Cepeda
5,12,MORENA,Roberto Martínez Daniel
5,12,ES,Ariana Yolanda Cepeda De La Mora
5,13,PAN,Deyanira Samperio Flores
5,13,PRI,Jaime Bueno Zertuche
5,13,PRD,Arturo Herrera Hernández
5,13,PT,Luis Gerardo Alvarado Alvarado
5,13,PVEM,Rodrigo Lara Denigris
5,13,UDC,Deyanira Samperio Flores
5,13,PMC,Juan Francisco Benavides Ramos
5,13,PNA,Santiago Flores Falcón
5,13,SDI,Yesenia Lourdes Carrillo Campos
5,13,PPC,Deyanira Samperio Flores
5,13,PJ,Héctor Emanuel Arenas    Estrada
5,13,PRC,María Del Rosario Delabra Silva
5,13,PCP,Ana Perla Alvarado Luna
5,13,MORENA,Hilda García Badillo
5,13,ES,Deyanira Samperio Flores
5,14,PAN,Juan Carlos Guerra López Negrete
5,14,PRI,Javier Díaz González
5,14,PRD,María Gorety Serrato Castañeda
5,14,PT,Sandra Nidia Contreras García
5,14,PVEM,Claudia Leza Ortega
5,14,UDC,Juan Carlos Guerra López Negrete
5,14,PMC,Roberto Ecliserio Ruiz Múzquiz
5,14,PNA,José Luis Rivera Rosas
5,14,SDI,Clara María De Las Fuentes Fuentes
5,14,PPC,Juan Carlos Guerra López Negrete
5,14,PJ,Alejandra Nohemí Aguirre Serna
5,14,PRC,Jazmín Carolina Garay Contreras
5,14,PCP,Francisco Arana Puente
5,14,MORENA,Mario Alberto José De Los Santos
5,14,ES,Juan Carlos Guerra López Negrete
5,14,CI1,Cesar Augusto Elizondo Valdez
5,15,PAN,Ileana Guadalupe Melo Hernández
5,15,PRI,Lucia Azucena Ramos Ramos
5,15,PRD,Sonia Esmeralda Fernández Lucio
5,15,PT,Virgilio Maltos Long
5,15,PVEM,Fernando Martínez Álvarez
5,15,UDC,Ileana Guadalupe Melo Hernández
5,15,PMC,Lilia Nakasima Villafuerte
5,15,PNA,Armando López Romero
5,15,SDI,María Del Carmen Guzmán Almaraz
5,15,PPC,Ileana Guadalupe Melo Hernández
5,15,PJ,Ana María Rodarte Carrillo
5,15,PCP,Guillermina García Domínguez
5,15,MORENA,Juana Isabel Peña Garza
5,15,ES,Ileana Guadalupe Melo Hernández
5,16,PAN,Eduardo Ariel Pacheco Ortiz
5,16,PRI,Samuel Rodríguez Martínez
5,16,PRD,Joel Gustavo Díaz Pérez
5,16,PT,Patricia Hernández Leija
5,16,PVEM,Laura Patricia López Celedón
5,16,UDC,Eduardo Ariel Pacheco Ortiz
5,16,PMC,María Guadalupe Cuevas Cervantes
5,16,PNA,Perla Violeta Alcalá Sánchez
5,16,SDI,Jael Romero Valdez
5,16,PPC,Eduardo Ariel Pacheco Ortiz
5,16,PRC,Leticia Sánchez Saucedo
5,16,PCP,Sergio Villacobos García
5,16,MORENA,Heliodoro Octavio De La Garza Toledo
5,16,ES,Eduardo Ariel Pacheco Ortiz
5,16,CI1,Víctor Cárdenas Flores